epoch,val_score
1,0.9814959528633292
2,0.9838001037625018
3,0.9852657227616399
4,0.9845545780230335
5,0.9848335196211653
6,0.9842963417545182
